﻿Designator,Quantity,Value,Footprint,Package,MPN,DNP,Mount_Type,Description,Sim.Pins,PARTREV,STANDARD,MAXIMUM_PACKAGE_HEIGHT,MANUFACTURER,MF,Description_1,Price,Check_prices,SnapEDA_Link,MP,Availability
BMP1,1,BMP280,BMP280,,,,tht,,,,,,,,,,,,,
D1,1,LED,LED_0805_2012Metric_Pad1.15x1.40mm_HandSolder,,,,smt,PWR,1=K 2=A,,,,,,,,,,,
IMU1,1,ICM20649,IMU,,,,tht,ICM20649 IMU,,,,,,,,,,,,
JST1,1,S4B-XH-A-1,JST_VH_B4P-VH-B_1x04_P3.96mm_Vertical,,,,tht,"Generic connector, single row, 01x04, script generated",,27-1-20,Manufacturer Recommendations,6.1mm,JST,,,,,,,
R1,1,~65Ω,R_0805_2012Metric_Pad1.20x1.40mm_HandSolder,,,,smt,"Resistor, US symbol",,,,,,,,,,,,
TEENSY1,1,Teensy4.1,Teensy41,,,,tht,,,,,,,,,,,,,
TP1,1,5V IN,TestPoint_Pad_D1.5mm,,,,tht,test point,,,,,,,,,,,,
TP2,1,GND CONN,TestPoint_Pad_D1.5mm,,,,tht,GND,,,,,,,,,,,,
TP3,1,I2C CLOCK,TestPoint_Pad_D1.5mm,,,,tht,test point,,,,,,,,,,,,
TP4,1,I2C DATA,TestPoint_Pad_D1.5mm,,,,tht,test point,,,,,,,,,,,,
U2,1,MICROSD_SPI_OR_SDIO_CARD,MODULE_MICROSD_SPI_OR_SDIO_CARD,Package,,,tht,SD Card Breakout,,B,Manufacturer Recommendations,,Adafruit Industries,Adafruit Industries,Memory Card Connectors Raspberry pi microSD card adapter,None,https://www.snapeda.com/parts/MicroSD%20SPI%20or%20SDIO%20Card/Adafruit+Industries/view-part/?ref=eda,https://www.snapeda.com/parts/MicroSD%20SPI%20or%20SDIO%20Card/Adafruit+Industries/view-part/?ref=snap,MicroSD SPI or SDIO Card,Not in stock
