﻿pos_x,pos_y,rotation,side,designator,mpn,pack,footprint,value,mount_type
169.5,-108.25,90.0,top,BMP1,,,BMP280,BMP280,tht
176.155,-94.0,0.0,top,D1,,,LED_0805_2012Metric_Pad1.15x1.40mm_HandSolder,LED,smt
148.5,-110.25,0.0,top,IMU1,,,IMU,ICM20649,tht
177.5,-78.04,-90.0,top,JST1,,,JST_VH_B4P-VH-B_1x04_P3.96mm_Vertical,S4B-XH-A-1,tht
172.0875,-94.0,180.0,top,R1,,,R_0805_2012Metric_Pad1.20x1.40mm_HandSolder,~65Ω,smt
139.41,-86.08,0.0,top,TEENSY1,,,Teensy41,Teensy4.1,tht
122.0,-109.0,180.0,top,U2,,Package,MODULE_MICROSD_SPI_OR_SDIO_CARD,MICROSD_SPI_OR_SDIO_CARD,tht
